"Comment","Designator","Qty","Footprint","Manufacturer","MPN","LCSC","Description"
"U.FL","AF1,AF2","2","jlc:CONN-SMD_XY-IPEX1","XYECONN","XY-IPEX1","C53133524",""
"18pF","C1,C2","2","Capacitor_SMD:C_0603_1608Metric","Samsung Electro-Mechanics","CL10C180JB8NNNC","C1647","CAP CER 18pF 50V C0G 0603"
"6.8pF","C3,C4","2","Capacitor_SMD:C_0603_1608Metric","Samsung Electro-Mechanics","CL10C6R8CB8NNNC","C318672","CAP CER 6.8pF 50V C0G 0603"
"100nF","C5,C6,C8-C11,C13,C20,C23-C29,C43,C45-C47,C72,C80","21","Capacitor_SMD:C_0603_1608Metric","YAGEO","CC0603KRX7R9BB104","C14663","CAP CER 100nF 50V X7R 0603"
"1uF","C7,C14,C21,C42,C44,C61,C68,C69","8","Capacitor_SMD:C_0603_1608Metric","Samsung Electro-Mechanics","CL10A105KB8NNNC","C15849","CAP CER 1uF 50V X5R 0603"
"4.7uF","C12,C63","2","Capacitor_SMD:C_0805_2012Metric","Samsung Electro-Mechanics","CL21A475KAQNNNE","C1779","CAP CER 4.7uF 25V X5R 0805"
"4.7nF","C22","1","Capacitor_SMD:C_0603_1608Metric","Samsung Electro-Mechanics","CL10B472KB8NNNC","C1621","CAP CER 4.7nF 50V X7R 0603"
"47uF X7R","C40,C41,C81,C82","4","Capacitor_SMD:C_1210_3225Metric","muRata","GRM32ER71A476KE15L","C84494","CAP CER 47uF 10V X7R 1210"
"10uF","C62,C65-C67,C77-C79","7","Capacitor_SMD:C_0805_2012Metric","muRata","GRM21BC71E106KE11L","C109040","CAP CER 10uF 25V X7S 0805"
"47nF","C64","1","Capacitor_SMD:C_0603_1608Metric","Samsung Electro-Mechanics","CL10B473KB8NNNC","C1622","CAP CER 47nF 50V X7R 0603"
"2.2uF 100V","C70,C71,C73,C74","4","Capacitor_SMD:C_1210_3225Metric","CCTC","TCC1210X7R225K101MT","C5449052","CAP CER 2.2uF 100V X7R 1210"
"1uF 25V","C75","1","Capacitor_SMD:C_0603_1608Metric","Samsung Electro-Mechanics","CL10A105KB8NNNC","C15849","CAP CER 1uF 50V X5R 0603"
"100nF 25V","C76","1","Capacitor_SMD:C_0603_1608Metric","YAGEO","CC0603KRX7R9BB104","C14663","CAP CER 100nF 50V X7R 0603"
"100nF","C83","1","Capacitor_SMD:C_0402_1005Metric","Samsung Electro-Mechanics","CL05B104KO5NNNC","C1525","CAP CER 100nF 16V X7R 0402"
"100pF C0G","C84","1","Capacitor_SMD:C_0402_1005Metric","FH","0402CG101J500NT","C1546","CAP CER 100pF 50V C0G 0402"
"10nF","C85","1","Capacitor_SMD:C_0402_1005Metric","Samsung Electro-Mechanics","CL05B103KB5NNNC","C15195","CAP CER 10nF 50V X7R 0402"
"S3M","D1","1","jlc:SMB_L4.3-W3.6-LS5.3-RD","TWGMC","S3M","C5204901","DIODE STANDARD 1kV 3A SMB"
"SMDJ100A","D2","1","Diode_SMD:D_SMC","Littelfuse","SMDJ100A","C1977839",""
"PESD1CAN","D3","1","jlc:SOT-23_L2.9-W1.3-P1.90-LS2.4-BR","Nexperia","PESD1CAN,215","C15771","ESD DIODE 24VWM 70VC SOT-23"
"BAV99","D5,D6,D10,D11","4","Package_TO_SOT_SMD:SOT-23","Nexperia","BAV99,215","C2500","DIODE ARR GP 100V 215mA SOT-23"
"SS3200","D7,D8,D16","3","Diode_SMD:D_SMA","MDD(Microdiode Semiconductor)","SS3200","C65001","DIODE SCHOTTKY 200V SMA(DO-214AC)"
"SMF5.0A","D12","1","jlc:SOD-123FL_L2.7-W1.8-LS3.8-RD","MDD(Microdiode Semiconductor)","SMF5.0A","C193402","TVS DIODE 5VWM 9.2VC SOD-123FL"
"NET","D13","1","LED_SMD:LED_0603_1608Metric","Hubei KENTO Elec","KT-0603R","C2286","LED RED WATER CLEAR 0603 SMD"
"SMF05C","D14","1","jlc:SOT-363_L2.0-W1.3-P0.65-LS2.1-BR","onsemi","SMF05CT1G","C15879","TVS DIODE 5VWM 12.5VC SC-88"
"USBLC6-2SC6","D15","1","jlc:SOT-23-6_L2.9-W1.6-P0.95-LS2.8-BL","ST","USBLC6-2SC6","C7519","ESD DIODE 5.25VWM 17VC SOT-23-6L"
"GRN","D20","1","LED_SMD:LED_0603_1608Metric","Hubei KENTO Elec","KT-0603G","C12624","LED EMERALD GREEN WATER CLEAR 0603 SMD"
"BLU","D21","1","LED_SMD:LED_0603_1608Metric","Hubei KENTO Elec","KT-0603B","C2288","LED BLUE WATER CLEAR 0603 SMD"
"1A 250V","F1","1","jlc:FUSE-SMD_L10.1-W3.1","Littelfuse","0443001.DR","C95352","FUSE BRD MNT 1A 250VAC/VDC SMD"
"600R@100MHz","FB1","1","Inductor_SMD:L_0805_2012Metric","Sunlord","GZ2012D601TF","C1017","-55℃~+125℃ 1 300mΩ 500mA 600Ω@100MHz ±25% 0805 Ferrite Beads ROHS"
"WAFER-MX3.0-12PZZ","J1","1","jlc:XUNPU_MX3.0-12PZZ_2x06_P3.00mm_Vertical","XUNPU","WAFER-MX3.0-12PZZ","C7588012","CONN HEADER TH 12POS 3mm"
"B3B-XH-A","J2","1","Connector_JST:JST_XH_B3B-XH-A_1x03_P2.50mm_Vertical","JST","B3B-XH-A(LF)(SN)","C144394","CONN HEADER TH 3POS 2.5mm"
"150uH 2.7A","L1","1","jlc:IND-SMD_L12.3-W12.3","Shun Xiang Nuo","SMDRI127-151MT","C21325","FIXED IND 150uH 1.42A 280mΩ SMD,12.3x12.3mm"
"ACT45B-510-2P","L2","1","jlc:IND-SMD_4P-L4.5-W3.2-TL","TDK","ACT45B-510-2P-TL003","C76584","CMC 51uH 200mA 2LN 2.8kΩ SMD"
"2.2uH","L3","1","jlc:L1008","muRata","DFE252012P-2R2M=P2","C391305","FIXED IND 2.2uH 2.2A 70mΩ 1008"
"68nH","L4","1","Inductor_SMD:L_0402_1005Metric","muRata","LQW15AN68NG80D","C3221844","FIXED IND 68nH 320mA 1.128Ω 0402"
"EL357N(D)","OK1,OK2","2","jlc:OPTO-SMD-4_L4.4-W4.1-P2.54-LS7.0-BL","EVERLIGHT","EL357N(A)(TA)-VG","C359074","DC Input Isolation Voltage (rms)： 3750V"
"AM2390N-TP","Q1,Q2","2","jlc:SOT-23-3_L2.9-W1.3-P1.90-LS2.4-BR","TECH PUBLIC","AM2390N-TP","C51886143","MOSFET 150V 4A SOT-23-3L"
"AO3401A","Q3","1","jlc:SOT-23-3_L2.9-W1.3-P1.90-LS2.4-BR","AOS","AO3401A","C15127","MOSFET P-CH 30V 4A SOT-23"
"MMBT3904","Q4-Q12,Q14","10","Package_TO_SOT_SMD:SOT-23","JSCJ","MMBT3904(RANGE:100-300)","C20526","TRANS NPN 40V 200mA SOT-23"
"MMBT3906","Q13","1","Package_TO_SOT_SMD:SOT-23","Nexperia","MMBT3906,215","C75549","TRANS PNP 40V 200mA SOT-23"
"10k","R1,R2,R25,R26,R43,R44,R47,R48,R51,R62,R87","11","Resistor_SMD:R_0805_2012Metric","UNI-ROYAL","0805W8F1002T5E","C17414","RES 10kΩ ±1% 125mW 0805"
"0R","R3,R69","2","Resistor_SMD:R_0805_2012Metric","UNI-ROYAL","0805W8F0000T5E","C17477","RES 0Ω ±1% 125mW 0805"
"330R","R4,R6","2","Resistor_SMD:R_0805_2012Metric","UNI-ROYAL","0805W8F3300T5E","C17630","RES 330Ω ±1% 125mW 0805"
"4.7k","R5,R42,R46,R53,R55,R57,R59,R64","8","Resistor_SMD:R_0805_2012Metric","UNI-ROYAL","0805W8F4701T5E","C17673","RES 4.7kΩ ±1% 125mW 0805"
"2.2k","R7,R8,R45,R49","4","Resistor_SMD:R_0805_2012Metric","UNI-ROYAL","0805W8F2201T5E","C17520","RES 2.2kΩ ±1% 125mW 0805"
"60.4R","R11,R12","2","Resistor_SMD:R_0805_2012Metric","YAGEO","AC0805FR-0760R4L","C228935","RES 60.4Ω ±1% 125mW 0805"
"12k","R14-R19","6","Resistor_SMD:R_1206_3216Metric","UNI-ROYAL","1206W4F1202T5E","C17912","RES 12kΩ ±1% 250mW 1206"
"47k","R21,R22,R52,R54,R56,R58,R60,R61,R63","9","Resistor_SMD:R_0805_2012Metric","UNI-ROYAL","0805W8F4702T5E","C17713","RES 47kΩ ±1% 125mW 0805"
"100R","R23,R24","2","Resistor_SMD:R_0805_2012Metric","UNI-ROYAL","0805W8F1000T5E","C17408","RES 100Ω ±1% 125mW 0805"
"100k","R30-R35,R50,R81","8","Resistor_SMD:R_0805_2012Metric","UNI-ROYAL","0805W8F1003T5E (SMT)","C17407","RES 100kΩ ±1% 0805"
"9.1k","R36,R37","2","Resistor_SMD:R_0805_2012Metric","UNI-ROYAL","0805W8F9101T5E","C17855","RES 9.1kΩ ±1% 125mW 0805"
"1M","R38,R39","2","Resistor_SMD:R_0805_2012Metric","UNI-ROYAL","0805W8F1004T5E","C17514","RES 1MΩ ±1% 125mW 0805"
"1k","R65","1","Resistor_SMD:R_0805_2012Metric","UNI-ROYAL","0805W8F1001T5E","C17513","RES 1kΩ ±1% 125mW 0805"
"33R","R66-R68","3","Resistor_SMD:R_0805_2012Metric","UNI-ROYAL","0805W8F330JT5E","C17634","RES 33Ω ±1% 125mW 0805"
"0R","R71,R72","2","Resistor_SMD:R_0402_1005Metric","UNI-ROYAL","0402WGF0000TCE","C17168","RES 0Ω ±1% 62.5mW 0402"
"1R 2512 anti-surge","R80","1","Resistor_SMD:R_2512_6332Metric","FOJAN","FRS2512F1R00TS","C55348540",""
"0R (F-12)","R82","1","Resistor_SMD:R_0805_2012Metric","UNI-ROYAL","0805W8F0000T5E","C17477","RES 0Ω ±1% 125mW 0805"
"4.3k","R83","1","Resistor_SMD:R_0805_2012Metric","UNI-ROYAL","0805W8F4301T5E","C17667","RES 4.3kΩ ±1% 125mW 0805"
"1.5k","R84","1","Resistor_SMD:R_0805_2012Metric","UNI-ROYAL","0805W8F1501T5E","C4310","RES 1.5kΩ ±1% 125mW 0805"
"976R","R85","1","Resistor_SMD:R_0805_2012Metric","UNI-ROYAL","0805W8F9760T5E","C17880","RES 976Ω ±1% 125mW 0805"
"536R","R86","1","Resistor_SMD:R_0805_2012Metric","FOJAN","FRC0805F5360TS","C5713309","RES 536Ω ±1% 125mW 0805"
"5.23k","R88","1","Resistor_SMD:R_0805_2012Metric","FOJAN","FRC0805F5231TS","C2933464","RES 5.23kΩ ±1% 125mW 0805"
"30.1k","R89","1","Resistor_SMD:R_0805_2012Metric","UNI-ROYAL","0805W8F3012T5E","C21841","RES 30.1kΩ ±1% 125mW 0805"
"68R","R90","1","Resistor_SMD:R_1210_3225Metric","YAGEO","RC1210FR-0768RL","C137091","RES 68Ω ±1% 500mW 1210"
"EC200UCNAA-N05-SGNSA","U1","1","jlc:LCC-LGA-144_L31.0-W28.0-P1.30_L610-CN-02","Quectel","EC200UCNAA-N05-SGNSA","C2916205","3.3V~4.3V UART、SDIO、SPI、I2C、ADC、USB UIS8910 SMD WiFi Modules ROHS"
"AT32F403ACGT7","U2","1","jlc:LQFP-48_L7.0-W7.0-P0.50-LS9.0-BL_1","ARTERY","AT32F403ACGT7","C55058656",""
"QMI8658B","U3","1","jlc:LGA-14_L3.0-W2.5-P0.50-TL","QST","QMI8658B","C5380158",""
"SIT1051AT/3","U4","1","jlc:SOP-8_L4.9-W3.9-P1.27-LS6.0-BL","SIT","SIT1051AT/3","C5382551","SIT1051A CAN FD Silent Mode Transceiver"
"EG11752","U5","1","jlc:SOIC-8_L4.9-W3.9-P1.27-LS6.0-BL-EP3.3-1","EG Micro","EG11752","C53368402",""
"BQ25606RGER","U6","1","jlc:VQFN-24_L4.0-W4.0-P0.50-TL-EP2.8","TI","BQ25606RGER","C374063","Stand-alone 3.0A single-cell battery charger for high input voltage and narrow voltage DC (NVDC) power path management"
"GD25Q64ESIGR","U7","1","jlc:SOP-8_L5.3-W5.3-P1.27-LS8.0-BL","GigaDevice Semicon Beijing","GD25Q64ESIGR","C2831359",""
"TXB0104PWR","U8","1","jlc:TSSOP-14_L5.0-W4.4-P0.65-LS6.4-BL","TI","TXB0104PWR","C60708","4-Bit Bidirectional Voltage-level Translator With Automatic Direction Sensing and ±15-kV ESD Protection"
"ME6211C33M5G","U9","1","jlc:SOT-23-5_L3.0-W1.7-P0.95-LS2.8-BL","MICRONE","ME6211C33M5G-N","C82942","High Speed LDO Regulators, High PSRR, Low noise"
"NANO-SIM","X1","1","jlc:SIM-SMD_YKSIM-PUSH137-140NANO","JXTCONN","NANO SIM 7P 1.37H PUSH","C53207808",""
"8MHz","Y1","1","Crystal:Crystal_SMD_3225-4Pin_3.2x2.5mm","YXC Crystal Oscillators","X32258MOB4SI","C2682775","CRYSTAL 8MHz 12pF SMD"
"32.768kHz","Y2","1","Crystal:Crystal_SMD_3215-2Pin_3.2x1.5mm","EPSON","Q13FC13500002","C48615","CRYSTAL 32.768kHz 7pF SMD"
