Designator,Mid X,Mid Y,Layer,Rotation
C1,31.3700mm,-21.9800mm,Bottom,90.0
C2,39.4100mm,-21.9900mm,Bottom,90.0
C3,26.3300mm,-30.3900mm,Bottom,90.0
C4,32.1900mm,-30.3700mm,Bottom,90.0
C48,95.9000mm,-21.6000mm,Bottom,180.0
C50,95.9000mm,-27.3000mm,Bottom,180.0
C62,36.2700mm,-48.5100mm,Bottom,90.0
C63,41.0600mm,-47.9600mm,Bottom,90.0
C64,45.8500mm,-47.9600mm,Bottom,90.0
C67,33.4400mm,-43.9200mm,Bottom,90.0
C68,37.8700mm,-43.4700mm,Bottom,90.0
C69,42.3100mm,-43.4700mm,Bottom,90.0
C76,40.3000mm,-7.2800mm,Bottom,180.0
C77,23.1500mm,-7.0000mm,Bottom,0.0
C78,27.7500mm,-7.0000mm,Bottom,0.0
C80,46.7400mm,-43.7000mm,Bottom,90.0
C81,84.9000mm,-17.4000mm,Bottom,180.0
C82,89.8000mm,-17.4000mm,Bottom,180.0
D5,17.2700mm,-43.4200mm,Bottom,180.0
D6,17.2700mm,-38.8300mm,Bottom,180.0
D8,10.5000mm,-7.9000mm,Bottom,180.0
L3,39.8200mm,-55.0200mm,Bottom,180.0
OK1,21.7300mm,-51.5900mm,Bottom,180.0
OK2,31.1300mm,-51.5900mm,Bottom,180.0
Q5,33.9700mm,-34.7400mm,Bottom,180.0
Q6,47.1000mm,-34.7400mm,Bottom,180.0
Q7,33.9700mm,-39.3300mm,Bottom,180.0
Q8,47.1000mm,-39.3300mm,Bottom,180.0
R14,3.3300mm,-46.4000mm,Bottom,0.0
R15,9.0800mm,-46.4000mm,Bottom,0.0
R16,14.8300mm,-47.4500mm,Bottom,0.0
R17,3.3300mm,-50.2000mm,Bottom,0.0
R18,9.0800mm,-50.2000mm,Bottom,0.0
R19,14.8300mm,-50.9000mm,Bottom,0.0
R25,22.4800mm,-44.3200mm,Bottom,180.0
R26,28.8200mm,-44.3200mm,Bottom,180.0
R43,27.4000mm,-35.2300mm,Bottom,180.0
R44,40.5300mm,-35.2300mm,Bottom,180.0
R45,53.6600mm,-35.2300mm,Bottom,180.0
R46,27.4000mm,-39.0800mm,Bottom,180.0
R47,40.5300mm,-39.0800mm,Bottom,180.0
R48,53.6600mm,-39.0800mm,Bottom,180.0
R70,74.2250mm,-45.9950mm,Bottom,180.0
R82,33.0000mm,-15.0000mm,Bottom,90.0
R85,56.9100mm,-47.1200mm,Bottom,90.0
R86,57.5600mm,-51.6700mm,Bottom,90.0
R87,50.6500mm,-54.8000mm,Bottom,90.0
R88,60.0100mm,-42.5700mm,Bottom,90.0
R89,60.0100mm,-47.1200mm,Bottom,90.0
U7,64.9000mm,-15.4400mm,Bottom,180.0
U8,68.1600mm,-47.0000mm,Bottom,90.0
Y1,35.3900mm,-21.7100mm,Bottom,180.0
Y2,30.2500mm,-25.8000mm,Bottom,180.0
AF1,97.3000mm,-10.2050mm,Top,0.0
AF2,97.3000mm,-48.4950mm,Top,0.0
C5,45.7750mm,-30.2750mm,Top,0.0
C6,49.2750mm,-30.2750mm,Top,0.0
C7,22.2750mm,-32.2750mm,Top,0.0
C8,25.7750mm,-32.2750mm,Top,0.0
C9,57.2100mm,-43.0900mm,Top,0.0
C10,22.2750mm,-28.2750mm,Top,0.0
C11,25.7750mm,-28.2750mm,Top,0.0
C12,55.7900mm,-32.0100mm,Top,0.0
C13,42.2750mm,-28.2750mm,Top,0.0
C14,59.4800mm,-34.9100mm,Top,0.0
C20,45.7750mm,-28.2750mm,Top,0.0
C21,48.3400mm,-38.7600mm,Top,0.0
C22,49.2750mm,-28.2750mm,Top,0.0
C23,41.2400mm,-40.0400mm,Top,0.0
C24,35.0300mm,-40.5800mm,Top,0.0
C25,52.7750mm,-28.2750mm,Top,0.0
C26,56.2750mm,-28.2750mm,Top,0.0
C27,22.2750mm,-30.2750mm,Top,0.0
C28,25.7750mm,-30.2750mm,Top,0.0
C29,42.2750mm,-30.2750mm,Top,0.0
C40,84.9000mm,-10.4000mm,Top,0.0
C41,89.8000mm,-10.4000mm,Top,0.0
C42,63.5250mm,-2.2750mm,Top,0.0
C43,67.0250mm,-2.2750mm,Top,0.0
C44,70.5250mm,-2.2750mm,Top,0.0
C45,74.0250mm,-2.2750mm,Top,0.0
C46,81.0250mm,-2.2750mm,Top,0.0
C47,84.5250mm,-2.2750mm,Top,0.0
C49,97.0000mm,-15.0000mm,Top,180.0
C51,97.0000mm,-31.4000mm,Top,180.0
C61,22.2750mm,-2.2750mm,Top,0.0
C65,25.9950mm,-2.0250mm,Top,0.0
C66,29.9950mm,-2.0250mm,Top,0.0
C70,9.5000mm,-37.6000mm,Top,90.0
C71,9.5000mm,-43.4000mm,Top,90.0
C72,9.5000mm,-49.2000mm,Top,90.0
C73,38.3000mm,-16.2000mm,Top,0.0
C74,47.0950mm,-2.6450mm,Top,0.0
C75,52.7750mm,-2.2750mm,Top,0.0
C79,56.4950mm,-2.0250mm,Top,0.0
C83,94.6300mm,-45.5700mm,Top,0.0
C84,97.8000mm,-34.5000mm,Top,-90.0
C85,93.2100mm,-47.3400mm,Top,0.0
D1,17.3700mm,-18.9300mm,Top,90.0
D2,15.7000mm,-40.1700mm,Top,90.0
D3,22.4000mm,-34.9950mm,Top,0.0
D7,11.2100mm,-7.4200mm,Top,0.0
D10,42.7250mm,-33.2450mm,Top,0.0
D11,50.1100mm,-46.3500mm,Top,0.0
D12,88.7300mm,-2.4450mm,Top,0.0
D13,80.0250mm,-45.7750mm,Top,0.0
D14,87.3500mm,-50.0450mm,Top,0.0
D15,87.5050mm,-53.1860mm,Top,0.0
D16,38.6000mm,-2.7900mm,Top,0.0
D20,46.7750mm,-32.2750mm,Top,0.0
D21,50.2750mm,-32.2750mm,Top,0.0
F1,17.4000mm,-8.1000mm,Top,90.0
FB1,26.5450mm,-34.3950mm,Top,0.0
J1,7.5000mm,-30.0000mm,Top,90.0
J2,53.0100mm,-62.7550mm,Top,0.0
L1,27.6500mm,-12.0000mm,Top,180.0
L2,31.7300mm,-35.7000mm,Top,0.0
L4,98.3000mm,-38.0000mm,Top,0.0
Q1,13.6000mm,-48.9000mm,Top,0.0
Q2,14.0000mm,-53.8000mm,Top,0.0
Q3,77.5000mm,-4.5000mm,Top,0.0
Q4,55.2250mm,-35.2450mm,Top,0.0
Q9,80.4750mm,-60.2450mm,Top,0.0
Q10,80.4750mm,-56.2450mm,Top,0.0
Q11,84.9750mm,-57.2450mm,Top,0.0
Q12,89.4750mm,-57.2450mm,Top,0.0
Q13,63.9750mm,-5.2450mm,Top,0.0
Q14,68.4750mm,-5.2450mm,Top,0.0
R1,36.9750mm,-34.9950mm,Top,0.0
R2,36.9750mm,-37.4950mm,Top,0.0
R3,26.4750mm,-39.4950mm,Top,0.0
R4,30.4750mm,-41.4950mm,Top,0.0
R5,22.4750mm,-42.9950mm,Top,0.0
R6,34.4750mm,-42.9950mm,Top,0.0
R7,42.9750mm,-43.4950mm,Top,0.0
R8,38.4750mm,-44.9950mm,Top,0.0
R11,40.9750mm,-36.4950mm,Top,0.0
R12,26.4750mm,-36.9950mm,Top,0.0
R21,22.4750mm,-37.9950mm,Top,0.0
R22,51.9750mm,-38.4950mm,Top,0.0
R23,55.9750mm,-38.4950mm,Top,0.0
R24,30.4750mm,-38.9950mm,Top,0.0
R30,2.2000mm,-12.0000mm,Top,90.0
R31,2.2000mm,-16.5500mm,Top,90.0
R32,2.2000mm,-21.1000mm,Top,90.0
R33,2.2000mm,-25.6500mm,Top,90.0
R34,2.2000mm,-30.2000mm,Top,90.0
R35,2.2000mm,-34.7500mm,Top,90.0
R36,22.4750mm,-40.4950mm,Top,0.0
R37,44.9750mm,-40.9950mm,Top,0.0
R38,48.9750mm,-40.9950mm,Top,0.0
R39,52.9750mm,-40.9950mm,Top,0.0
R42,26.4750mm,-41.9950mm,Top,0.0
R49,38.9750mm,-42.4950mm,Top,0.0
R50,72.7250mm,-4.4950mm,Top,0.0
R51,81.2250mm,-4.4950mm,Top,0.0
R52,85.2250mm,-4.9950mm,Top,0.0
R53,89.2250mm,-4.9950mm,Top,0.0
R54,84.7250mm,-60.4950mm,Top,0.0
R55,88.7250mm,-60.4950mm,Top,0.0
R56,63.7250mm,-61.9950mm,Top,0.0
R57,67.7250mm,-61.9950mm,Top,0.0
R58,71.7250mm,-61.9950mm,Top,0.0
R59,75.7250mm,-61.9950mm,Top,0.0
R60,84.7250mm,-62.9950mm,Top,0.0
R61,88.7250mm,-62.9950mm,Top,0.0
R62,79.7250mm,-63.4950mm,Top,0.0
R63,63.7250mm,-64.4950mm,Top,0.0
R64,67.7250mm,-64.4950mm,Top,0.0
R65,71.7250mm,-64.4950mm,Top,0.0
R66,75.7250mm,-64.4950mm,Top,0.0
R67,83.7250mm,-65.4950mm,Top,0.0
R68,87.7250mm,-65.4950mm,Top,0.0
R69,79.7250mm,-65.9950mm,Top,0.0
R71,97.8000mm,-23.0400mm,Top,90.0
R72,97.8000mm,-28.7400mm,Top,-90.0
R80,4.0000mm,-46.6000mm,Top,90.0
R81,52.9750mm,-4.4950mm,Top,0.0
R83,56.9750mm,-4.4950mm,Top,0.0
R84,46.4750mm,-6.9950mm,Top,0.0
R90,88.8300mm,-47.0100mm,Top,0.0
U1,79.0000mm,-29.0000mm,Top,0.0
U2,35.3900mm,-28.4900mm,Top,0.0
U3,35.3900mm,-60.5800mm,Top,0.0
U4,27.4000mm,-48.2800mm,Top,0.0
U5,38.3000mm,-9.0000mm,Top,0.0
U6,37.1600mm,-50.9500mm,Top,0.0
U9,53.2450mm,-7.7375mm,Top,0.0
X1,70.8700mm,-52.3670mm,Top,0.0
X2,82.5400mm,-50.5000mm,Top,0.0
