"Comment","Designator","Footprint","LCSC"
"U.FL","AF1,AF2","jlc:CONN-SMD_XY-IPEX1","C53133524"
"18pF","C1,C2","Capacitor_SMD:C_0603_1608Metric","C1647"
"6.8pF","C3,C4","Capacitor_SMD:C_0603_1608Metric","C318672"
"100nF","C5,C6,C8,C9,C10,C11,C13,C20,C23,C24,C25,C26,C27,C28,C29,C43,C45,C46,C47,C72,C76,C80","Capacitor_SMD:C_0603_1608Metric","C14663"
"1uF","C7,C14,C21,C42,C44,C61,C68,C69,C75","Capacitor_SMD:C_0603_1608Metric","C106858"
"4.7uF","C12,C63","Capacitor_SMD:C_0805_2012Metric","C354262"
"4.7nF","C22","Capacitor_SMD:C_0603_1608Metric","C1621"
"47uF X7R","C40,C41,C81,C82","Capacitor_SMD:C_1210_3225Metric","C84494"
"10uF","C62,C65,C66,C67,C77,C78,C79","Capacitor_SMD:C_0805_2012Metric","C109040"
"47nF","C64","Capacitor_SMD:C_0603_1608Metric","C1622"
"2.2uF 100V","C70,C71,C73,C74","Capacitor_SMD:C_1210_3225Metric","C5449052"
"100nF","C83","Capacitor_SMD:C_0402_1005Metric","C1525"
"100pF C0G","C84","Capacitor_SMD:C_0402_1005Metric","C1546"
"10nF","C85","Capacitor_SMD:C_0402_1005Metric","C15195"
"S3M","D1","jlc:SMB_L4.3-W3.6-LS5.3-RD","C5204901"
"SMDJ100A","D2","Diode_SMD:D_SMC","C1977839"
"PESD1CAN","D3","jlc:SOT-23_L2.9-W1.3-P1.90-LS2.4-BR","C15771"
"BAV70","D5,D6","Package_TO_SOT_SMD:SOT-23","C2501"
"SS3200","D7,D8,D16","Diode_SMD:D_SMA","C65001"
"BAV99","D10,D11","Package_TO_SOT_SMD:SOT-23","C2500"
"SMF5.0A","D12","jlc:SOD-123FL_L2.7-W1.8-LS3.8-RD","C193402"
"NET","D13","LED_SMD:LED_0603_1608Metric","C2286"
"PESD5V0L5UY","D14","jlc:SOT-363_L2.0-W1.3-P0.65-LS2.1-BR","C179747"
"USBLC6-2SC6","D15","jlc:SOT-23-6_L2.9-W1.6-P0.95-LS2.8-BL","C7519"
"GRN","D20","LED_SMD:LED_0603_1608Metric","C12624"
"BLU","D21","LED_SMD:LED_0603_1608Metric","C2288"
"1A 250V","F1","jlc:FUSE-SMD_L10.1-W3.1","C95352"
"600R@100MHz","FB1","Inductor_SMD:L_0805_2012Metric","C1017"
"WAFER-MX3.0-12PZZ","J1","jlc:XUNPU_MX3.0-12PZZ_2x06_P3.00mm_Vertical","C7588012"
"B3B-XH-A","J2","Connector_JST:JST_XH_B3B-XH-A_1x03_P2.50mm_Vertical","C144394"
"150uH 2.7A","L1","jlc:IND-SMD_L12.3-W12.3","C21325"
"ACT45B-510-2P","L2","jlc:IND-SMD_4P-L4.5-W3.2-TL","C76584"
"2.2uH","L3","jlc:L1008","C391305"
"68nH","L4","Inductor_SMD:L_0402_1005Metric","C3221844"
"EL357N(D)","OK1,OK2","jlc:OPTO-SMD-4_L4.4-W4.1-P2.54-LS7.0-BL","C359074"
"AM2390N-TP","Q1,Q2","jlc:SOT-23-3_L2.9-W1.3-P1.90-LS2.4-BR","C51886143"
"AO3401A","Q3","jlc:SOT-23-3_L2.9-W1.3-P1.90-LS2.4-BR","C15127"
"MMBT3904","Q4,Q5,Q6,Q7,Q8,Q9,Q10,Q11,Q12,Q14","Package_TO_SOT_SMD:SOT-23","C20526"
"MMBT3906","Q13","Package_TO_SOT_SMD:SOT-23","C75549"
"10k","R1,R2,R43,R44,R47,R48,R51,R63,R87","Resistor_SMD:R_0805_2012Metric","C17414"
"0R","R3,R69","Resistor_SMD:R_0805_2012Metric","C17477"
"330R","R4,R6","Resistor_SMD:R_0805_2012Metric","C17630"
"4.7k","R5,R42,R46,R53,R55,R57,R59,R64","Resistor_SMD:R_0805_2012Metric","C17673"
"2.2k","R7,R8,R45,R49","Resistor_SMD:R_0805_2012Metric","C17520"
"60.4R","R11,R12","Resistor_SMD:R_0805_2012Metric","C228935"
"12k","R14,R15,R16,R17,R18,R19","Resistor_SMD:R_1206_3216Metric","C17912"
"220k","R21,R22","Resistor_SMD:R_0805_2012Metric","C17556"
"100R","R23,R24","Resistor_SMD:R_0805_2012Metric","C17408"
"100k","R25,R26,R30,R31,R32,R33,R34,R35,R50,R62,R81","Resistor_SMD:R_0805_2012Metric","C149504"
"9.1k","R36,R37","Resistor_SMD:R_0805_2012Metric","C17855"
"1M","R38,R39","Resistor_SMD:R_0805_2012Metric","C17514"
"47k","R52,R54,R56,R58,R60,R61","Resistor_SMD:R_0805_2012Metric","C17713"
"1k","R65","Resistor_SMD:R_0805_2012Metric","C17513"
"33R","R66,R67,R68","Resistor_SMD:R_0805_2012Metric","C17634"
"0R","R71,R72","Resistor_SMD:R_0402_1005Metric","C17168"
"1R 2512 anti-surge","R80","Resistor_SMD:R_2512_6332Metric","C55348540"
"0.1R","R82","Resistor_SMD:R_0805_2012Metric","C327057"
"4.3k","R83","Resistor_SMD:R_0805_2012Metric","C17667"
"1.5k","R84","Resistor_SMD:R_0805_2012Metric","C4310"
"976R","R85","Resistor_SMD:R_0805_2012Metric","C17880"
"536R","R86","Resistor_SMD:R_0805_2012Metric","C5713309"
"5.23k","R88","Resistor_SMD:R_0805_2012Metric","C2933464"
"30.1k","R89","Resistor_SMD:R_0805_2012Metric","C21841"
"68R","R90","Resistor_SMD:R_1210_3225Metric","C137091"
"51k","R91","Resistor_SMD:R_0603_1608Metric","C23196"
"EC200UCNAA-N05-SGNSA","U1","jlc:LCC-LGA-144_L31.0-W28.0-P1.30_L610-CN-02","C2916205"
"AT32F403ACGT7","U2","jlc:LQFP-48_L7.0-W7.0-P0.50-LS9.0-BL_1","C55058656"
"QMI8658B","U3","jlc:LGA-14_L3.0-W2.5-P0.50-TL","C5380158"
"SIT1051AT/3","U4","jlc:SOP-8_L4.9-W3.9-P1.27-LS6.0-BL","C5382551"
"EG11752","U5","jlc:SOIC-8_L4.9-W3.9-P1.27-LS6.0-BL-EP3.3-1","C53368402"
"BQ25606RGER","U6","jlc:VQFN-24_L4.0-W4.0-P0.50-TL-EP2.8","C374063"
"GD25Q64ESIGR","U7","jlc:SOP-8_L5.3-W5.3-P1.27-LS8.0-BL","C2831359"
"TXB0104PWR","U8","jlc:TSSOP-14_L5.0-W4.4-P0.65-LS6.4-BL","C60708"
"ME6211C33M5G","U9","jlc:SOT-23-5_L3.0-W1.7-P0.95-LS2.8-BL","C82942"
"NANO-SIM","X1","jlc:SIM-SMD_YKSIM-PUSH137-140NANO","C53207808"
"8MHz","Y1","Crystal:Crystal_SMD_3225-4Pin_3.2x2.5mm","C2682775"
"32.768kHz","Y2","Crystal:Crystal_SMD_3215-2Pin_3.2x1.5mm","C48615"
