"Source","Ask for (what to say at the shop)","Manufacturer","Part number","LCSC","Substitute allowed?","Designators","Per board","For 5 boards","Buy (with spares)","Package"
"Local SMD shop / Robu / Evelta","U.FL / IPEX MHF1 SMD RF receptacle (2 mm)","XYECONN","XY-IPEX1","C53133524","Any brand U.FL (IPEX1 / MHF1) receptacle","AF1,AF2","2","10","12","CONN-SMD_XY-IPEX1"
"Local SMD shop / Robu / Evelta","SMD ceramic capacitor 0603, 18pF, 50 V, C0G","Samsung Electro-Mechanics","CL10C180JB8NNNC","C1647","Any brand, same dielectric (C0G/NP0 required)","C1,C2","2","10","20","C_0603_1608Metric"
"Local SMD shop / Robu / Evelta","SMD ceramic capacitor 0805, 4.7uF, 25 V, X7R","YAGEO","CC0805KKX7R8BB475","C354262","Any brand, must be X7R (X5R/Y5V not accepted), >= 25 V","C12,C63","2","10","20","C_0805_2012Metric"
"Local SMD shop / Robu / Evelta","SMD ceramic capacitor 0603, 4.7nF, 50 V, X7R","Samsung Electro-Mechanics","CL10B472KB8NNNC","C1621","Any brand, must be X7R (X5R/Y5V not accepted), >= 50 V","C22","1","5","20","C_0603_1608Metric"
"Local SMD shop / Robu / Evelta","SMD ceramic capacitor 0603, 6.8pF, 50 V, C0G","Samsung Electro-Mechanics","CL10C6R8CB8NNNC","C318672","Any brand, same dielectric (C0G/NP0 required)","C3,C4","2","10","20","C_0603_1608Metric"
"Local SMD shop / Robu / Evelta","SMD ceramic capacitor 0603, 100nF, 50 V, X7R","YAGEO","CC0603KRX7R9BB104","C14663","Any brand, must be X7R (X5R/Y5V not accepted), >= 50 V","C5,C6,C8,C9,C10,C11,C13,C20,C23,C24,C25,C26,C27,C28,C29,C43,C45,C46,C47,C72,C76,C80","22","110","170","C_0603_1608Metric"
"Local SMD shop / Robu / Evelta","SMD ceramic capacitor 0603, 47nF, 50 V, X7R","Samsung Electro-Mechanics","CL10B473KB8NNNC","C1622","Any brand, must be X7R (X5R/Y5V not accepted), >= 50 V","C64","1","5","20","C_0603_1608Metric"
"Local SMD shop / Robu / Evelta","SMD ceramic capacitor 0603, 1uF, 25 V, X7R","YAGEO","CC0603KRX7R8BB105","C106858","Any brand, must be X7R (X5R/Y5V not accepted), >= 25 V","C7,C14,C21,C42,C44,C61,C68,C69,C75","9","45","70","C_0603_1608Metric"
"Local SMD shop / Robu / Evelta","SMD ceramic capacitor 0402, 100nF, 16 V, X7R","Samsung Electro-Mechanics","CL05B104KO5NNNC","C1525","Any brand, must be X7R (X5R/Y5V not accepted), >= 16 V","C83","1","5","20","C_0402_1005Metric"
"Local SMD shop / Robu / Evelta","SMD ceramic capacitor 0402, 100pF, 50 V, C0G","FH","0402CG101J500NT","C1546","Any brand, same dielectric (C0G/NP0 required)","C84","1","5","20","C_0402_1005Metric"
"Local SMD shop / Robu / Evelta","SMD ceramic capacitor 0402, 10nF, 50 V, X7R","Samsung Electro-Mechanics","CL05B103KB5NNNC","C15195","Any brand, must be X7R (X5R/Y5V not accepted), >= 50 V","C85","1","5","20","C_0402_1005Metric"
"Local SMD shop / Robu / Evelta","Rectifier diode S3M, 3 A 1000 V, SMB (DO-214AA)","TWGMC","S3M","C5204901","Any brand S3M","D1","1","5","6","SMB_L4.3-W3.6-LS5.3-RD"
"Local SMD shop / Robu / Evelta","Dual diode BAV99 (series pair), SOT-23","Nexperia","BAV99,215","C2500","Any brand BAV99","D10,D11","2","10","12","SOT-23"
"Local SMD shop / Robu / Evelta","TVS diode SMF5.0A, 5 V unidirectional, SOD-123FL","MDD(Microdiode Semiconductor)","SMF5.0A","C193402","Any brand SMF5.0A","D12","1","5","6","SOD-123FL_L2.7-W1.8-LS3.8-RD"
"Local SMD shop / Robu / Evelta","SMD LED 0603 red","Hubei KENTO Elec","KT-0603R","C2286","Any brand 0603 red LED","D13","1","5","6","LED_0603_1608Metric"
"Local SMD shop / Robu / Evelta","SMD LED 0603 green","Hubei KENTO Elec","KT-0603G","C12624","Any brand 0603 green LED","D20","1","5","6","LED_0603_1608Metric"
"Local SMD shop / Robu / Evelta","SMD LED 0603 blue","Hubei KENTO Elec","KT-0603B","C2288","Any brand 0603 blue LED","D21","1","5","6","LED_0603_1608Metric"
"Local SMD shop / Robu / Evelta","Dual diode BAV70 (common cathode), SOT-23","Nexperia","BAV70,215","C2501","Any brand BAV70","D5,D6","2","10","12","SOT-23"
"Local SMD shop / Robu / Evelta","Schottky diode SS3200, 3 A 200 V, SMA (DO-214AC)","MDD(Microdiode Semiconductor)","SS3200","C65001","Any brand SS3200 or SS3200-class 200 V 3 A schottky in SMA. SS34 (40 V) is NOT acceptable","D7,D8,D16","3","15","18","D_SMA"
"Local SMD shop / Robu / Evelta","Ferrite bead 0805, 600 ohm @ 100 MHz, >= 500 mA","Sunlord","GZ2012D601TF","C1017","Any brand 0805 600R ferrite bead","FB1","1","5","20","L_0805_2012Metric"
"Local SMD shop / Robu / Evelta","JST XH 3-pin vertical through-hole header, 2.5 mm (B3B-XH-A) - battery connector","JST","B3B-XH-A(LF)(SN)","C144394","JST B3B-XH-A or any XH-compatible 3-pin vertical header","J2","1","5","6","JST_XH_B3B-XH-A_1x03_P2.50mm_Vertical"
"Local SMD shop / Robu / Evelta","PNP transistor MMBT3906, SOT-23","Nexperia","MMBT3906,215","C75549","Any brand MMBT3906","Q13","1","5","6","SOT-23"
"Local SMD shop / Robu / Evelta","P-channel MOSFET AO3401A, 30 V 4 A, SOT-23","AOS","AO3401A","C15127","Any brand AO3401A","Q3","1","5","6","SOT-23-3_L2.9-W1.3-P1.90-LS2.4-BR"
"Local SMD shop / Robu / Evelta","NPN transistor MMBT3904, SOT-23","JSCJ","MMBT3904(RANGE:100-300)","C20526","Any brand MMBT3904","Q4,Q5,Q6,Q7,Q8,Q9,Q10,Q11,Q12,Q14","10","50","60","SOT-23"
"Local SMD shop / Robu / Evelta","SMD resistor 0805, 10k ohm, 1 %","UNI-ROYAL","0805W8F1002T5E","C17414","Any brand, 1 %","R1,R2,R43,R44,R47,R48,R51,R63,R87","9","45","70","R_0805_2012Metric"
"Local SMD shop / Robu / Evelta","SMD resistor 1206, 12k ohm, 1 %","UNI-ROYAL","1206W4F1202T5E","C17912","Any brand, 1 %","R14,R15,R16,R17,R18,R19","6","30","50","R_1206_3216Metric"
"Local SMD shop / Robu / Evelta","SMD resistor 0805, 220k ohm, 1 %","UNI-ROYAL","0805W8F2203T5E","C17556","Any brand, 1 %","R21,R22","2","10","20","R_0805_2012Metric"
"Local SMD shop / Robu / Evelta","SMD resistor 0805, 100 ohm, 1 %","UNI-ROYAL","0805W8F1000T5E","C17408","Any brand, 1 %","R23,R24","2","10","20","R_0805_2012Metric"
"Local SMD shop / Robu / Evelta","SMD resistor 0805, 100k ohm, 1 %","UNI-ROYAL","0805W8F1003T5E","C149504","Any brand, 1 %","R25,R26,R30,R31,R32,R33,R34,R35,R50,R62,R81","11","55","90","R_0805_2012Metric"
"Local SMD shop / Robu / Evelta","SMD resistor 0805, 0 ohm (jumper link)","UNI-ROYAL","0805W8F0000T5E","C17477","Any brand, 1 %","R3,R69","2","10","20","R_0805_2012Metric"
"Local SMD shop / Robu / Evelta","SMD resistor 0805, 9.1k ohm, 1 %","UNI-ROYAL","0805W8F9101T5E","C17855","Any brand, 1 %","R36,R37","2","10","20","R_0805_2012Metric"
"Local SMD shop / Robu / Evelta","SMD resistor 0805, 1M ohm, 1 %","UNI-ROYAL","0805W8F1004T5E","C17514","Any brand, 1 %","R38,R39","2","10","20","R_0805_2012Metric"
"Local SMD shop / Robu / Evelta","SMD resistor 0805, 330 ohm, 1 %","UNI-ROYAL","0805W8F3300T5E","C17630","Any brand, 1 %","R4,R6","2","10","20","R_0805_2012Metric"
"Local SMD shop / Robu / Evelta","SMD resistor 0805, 4.7k ohm, 1 %","UNI-ROYAL","0805W8F4701T5E","C17673","Any brand, 1 %","R5,R42,R46,R53,R55,R57,R59,R64","8","40","60","R_0805_2012Metric"
"Local SMD shop / Robu / Evelta","SMD resistor 0805, 47k ohm, 1 %","UNI-ROYAL","0805W8F4702T5E","C17713","Any brand, 1 %","R52,R54,R56,R58,R60,R61","6","30","50","R_0805_2012Metric"
"Local SMD shop / Robu / Evelta","SMD resistor 0805, 1k ohm, 1 %","UNI-ROYAL","0805W8F1001T5E","C17513","Any brand, 1 %","R65","1","5","20","R_0805_2012Metric"
"Local SMD shop / Robu / Evelta","SMD resistor 0805, 33 ohm, 1 %","UNI-ROYAL","0805W8F330JT5E","C17634","Any brand, 1 %","R66,R67,R68","3","15","30","R_0805_2012Metric"
"Local SMD shop / Robu / Evelta","SMD resistor 0805, 2.2k ohm, 1 %","UNI-ROYAL","0805W8F2201T5E","C17520","Any brand, 1 %","R7,R8,R45,R49","4","20","30","R_0805_2012Metric"
"Local SMD shop / Robu / Evelta","SMD resistor 0402, 0 ohm (jumper link)","UNI-ROYAL","0402WGF0000TCE","C17168","Any brand, 1 %","R71,R72","2","10","20","R_0402_1005Metric"
"Local SMD shop / Robu / Evelta","SMD resistor 0805, 4.3k ohm, 1 %","UNI-ROYAL","0805W8F4301T5E","C17667","Any brand, 1 %","R83","1","5","20","R_0805_2012Metric"
"Local SMD shop / Robu / Evelta","SMD resistor 0805, 1.5k ohm, 1 %","UNI-ROYAL","0805W8F1501T5E","C4310","Any brand, 1 %","R84","1","5","20","R_0805_2012Metric"
"Local SMD shop / Robu / Evelta","SMD resistor 0603, 51k ohm, 1 %","UNI-ROYAL","0603WAF5102T5E","C23196","Any brand, 1 %","R91","1","5","20","R_0603_1608Metric"
"Local SMD shop / Robu / Evelta","Crystal 8 MHz, SMD 3225 (3.2 x 2.5 mm) 4-pin, load capacitance 12 pF","YXC Crystal Oscillators","X32258MOB4SI","C2682775","Any brand 8 MHz 3225 with CL = 12 pF","Y1","1","5","7","Crystal_SMD_3225-4Pin_3.2x2.5mm"
"Distributor: Mouser India / DigiKey India / element14 India","SMD ceramic capacitor 1210, 47 uF, 10 V, X7R","muRata","GRM32ER71A476KE15L","C84494","Murata/Samsung/TDK, must be X7R and 1210; X5R not accepted","C40,C41,C81,C82","4","20","30","C_1210_3225Metric"
"Distributor: Mouser India / DigiKey India / element14 India","SMD ceramic capacitor 0805, 10 uF, 25 V, X7R or X7S","muRata","GRM21BC71E106KE11L","C109040","Any brand, X7R/X7S; X5R not accepted","C62,C65,C66,C67,C77,C78,C79","7","35","60","C_0805_2012Metric"
"Distributor: Mouser India / DigiKey India / element14 India","SMD ceramic capacitor 1210, 2.2 uF, 100 V, X7R","CCTC","TCC1210X7R225K101MT","C5449052","Any brand, MUST be rated 100 V, X7R, 1210","C70,C71,C73,C74","4","20","30","C_1210_3225Metric"
"Distributor: Mouser India / DigiKey India / element14 India","ESD diode array PESD5V0L5UY, 5-line, SOT-363 (SC-70-6)","Nexperia","PESD5V0L5UY,115","C179747","Nexperia PESD5V0L5UY; else a 5-line 5 V SOT-363 array with pin 2 = GND and <= 15 pF/line","D14","1","5","6","SOT-363_L2.0-W1.3-P0.65-LS2.1-BR"
"Distributor: Mouser India / DigiKey India / element14 India","USB ESD protection USBLC6-2SC6, SOT-23-6","ST","USBLC6-2SC6","C7519","ST USBLC6-2SC6 or any brand with the same name/pinout","D15","1","5","6","SOT-23-6_L2.9-W1.6-P0.95-LS2.8-BL"
"Distributor: Mouser India / DigiKey India / element14 India","TVS diode SMDJ100A, 100 V standoff, 3000 W, SMC (DO-214AB), UNIDIRECTIONAL","Littelfuse","SMDJ100A","C1977839","Littelfuse / Bourns / Vishay SMDJ100A. NOT the bidirectional SMDJ100CA","D2","1","5","6","D_SMC"
"Distributor: Mouser India / DigiKey India / element14 India","CAN bus ESD/TVS diode PESD1CAN, SOT-23","Nexperia","PESD1CAN,215","C15771","Nexperia PESD1CAN or NUP2105L (onsemi)","D3","1","5","6","SOT-23_L2.9-W1.3-P1.90-LS2.4-BR"
"Distributor: Mouser India / DigiKey India / element14 India","SMD fuse 1 A 250 V, Littelfuse 0443 series (Nano2, 10.1 x 3.1 mm)","Littelfuse","0443001.DR","C95352","Littelfuse 0443001.DR only (footprint-specific)","F1","1","5","6","FUSE-SMD_L10.1-W3.1"
"Distributor: Mouser India / DigiKey India / element14 India","Micro-Fit 3.0 compatible header, 2 x 6 = 12 pins, 3.0 mm pitch, VERTICAL through-hole (the harness connector)","XUNPU","WAFER-MX3.0-12PZZ","C7588012","Molex 43045 series 12-circuit vertical header, or XUNPU WAFER-MX3.0-12PZZ from LCSC","J1","1","5","6","XUNPU_MX3.0-12PZZ_2x06_P3.00mm_Vertical"
"Distributor: Mouser India / DigiKey India / element14 India","Shielded power inductor 150 uH, 12.3 x 12.3 mm, Isat >= 2.7 A, DCR <= 0.3 ohm","Shun Xiang Nuo","SMDRI127-151MT","C21325","Any 12 x 12 mm shielded 150 uH inductor with Isat >= 2.7 A (check the datasheet)","L1","1","5","6","IND-SMD_L12.3-W12.3"
"Distributor: Mouser India / DigiKey India / element14 India","Common-mode choke TDK ACT45B-510-2P (51 uH, CAN bus)","TDK","ACT45B-510-2P-TL003","C76584","TDK ACT45B-510-2P-TL003 only (footprint-specific)","L2","1","5","6","IND-SMD_4P-L4.5-W3.2-TL"
"Distributor: Mouser India / DigiKey India / element14 India","Power inductor 2.2 uH, 2.5 x 2.0 mm (1008 / 2520), >= 2.2 A","muRata","DFE252012P-2R2M=P2","C391305","Murata DFE252012P-2R2M or same-size metal-alloy 2.2 uH >= 2 A","L3","1","5","6","L1008"
"Distributor: Mouser India / DigiKey India / element14 India","Chip inductor 68 nH 0402 (GNSS antenna bias)","muRata","LQW15AN68NG80D","C3221844","Any brand 0402 68 nH wire-wound, +/-2 or 5 %","L4","1","5","20","L_0402_1005Metric"
"Distributor: Mouser India / DigiKey India / element14 India","4 Pin SOP Phototransistor Photocoupler (OPTO-SMD-4_L4.4-W4.1-P2.54-LS7.0-BL)","EVERLIGHT","EL357N(D)(TA)-G","C42385002","Exact part","OK1,OK2","2","10","12","OPTO-SMD-4_L4.4-W4.1-P2.54-LS7.0-BL"
"Distributor: Mouser India / DigiKey India / element14 India","SMD resistor 0805, 60.4 ohm, 1 %","YAGEO","AC0805FR-0760R4L","C228935","Any brand, 1 % - E96 value, may need a distributor","R11,R12","2","10","20","R_0805_2012Metric"
"Distributor: Mouser India / DigiKey India / element14 India","SMD resistor 2512, 1 ohm, 1 %, ANTI-SURGE / pulse-withstanding type, >= 1 W","FOJAN","FRS2512F1R00TS","C55348540","Any brand 2512 1R 1 % anti-surge (not a plain thick film)","R80","1","5","20","R_2512_6332Metric"
"Distributor: Mouser India / DigiKey India / element14 India","SMD current-sense resistor 0805, 0.1 ohm, 1 %, >= 0.25 W","YAGEO","RL0805FR-7W0R1L","C327057","Any brand 0805 0R1 1 %","R82","1","5","20","R_0805_2012Metric"
"Distributor: Mouser India / DigiKey India / element14 India","SMD resistor 0805, 976 ohm, 1 %","UNI-ROYAL","0805W8F9760T5E","C17880","Any brand, 1 % - E96 value, may need a distributor","R85","1","5","20","R_0805_2012Metric"
"Distributor: Mouser India / DigiKey India / element14 India","SMD resistor 0805, 536 ohm, 1 %","FOJAN","FRC0805F5360TS","C5713309","Any brand, 1 % - E96 value, may need a distributor","R86","1","5","20","R_0805_2012Metric"
"Distributor: Mouser India / DigiKey India / element14 India","SMD resistor 0805, 5.23k ohm, 1 %","FOJAN","FRC0805F5231TS","C2933464","Any brand, 1 % - E96 value, may need a distributor","R88","1","5","20","R_0805_2012Metric"
"Distributor: Mouser India / DigiKey India / element14 India","SMD resistor 0805, 30.1k ohm, 1 %","UNI-ROYAL","0805W8F3012T5E","C21841","Any brand, 1 % - E96 value, may need a distributor","R89","1","5","20","R_0805_2012Metric"
"Distributor: Mouser India / DigiKey India / element14 India","SMD resistor 1210, 68 ohm, 1 %, 0.5 W","YAGEO","RC1210FR-0768RL","C137091","Any brand 1210 68R 1 %","R90","1","5","20","R_1210_3225Metric"
"Distributor: Mouser India / DigiKey India / element14 India","Battery charger TI BQ25606RGER, VQFN-24","TI","BQ25606RGER","C374063","Exact part","U6","1","5","6","VQFN-24_L4.0-W4.0-P0.50-TL-EP2.8"
"Distributor: Mouser India / DigiKey India / element14 India","SPI NOR flash GD25Q64ESIGR 64 Mbit, SOIC-8 208 mil (5.3 mm wide), industrial grade","GigaDevice Semicon Beijing","GD25Q64ESIGR","C2831359","GigaDevice GD25Q64E or Winbond W25Q64JVSSIQ (same package)","U7","1","5","6","SOP-8_L5.3-W5.3-P1.27-LS8.0-BL"
"Distributor: Mouser India / DigiKey India / element14 India","Level shifter TI TXB0104PWR, TSSOP-14","TI","TXB0104PWR","C60708","Exact part (TI TXB0104PWR)","U8","1","5","6","TSSOP-14_L5.0-W4.4-P0.65-LS6.4-BL"
"Distributor: Mouser India / DigiKey India / element14 India","Crystal 32.768 kHz, SMD 3215 (3.2 x 1.5 mm) 2-pin, load capacitance 7 pF","EPSON","Q13FC13500002","C48615","Epson FC-135 / Q13FC13500002 or any 3215 32.768 kHz with CL = 7 pF","Y2","1","5","7","Crystal_SMD_3215-2Pin_3.2x1.5mm"
"LCSC direct (lcsc.com, ships to India) - China-brand part","N-channel MOSFET AM2390N, 150 V, SOT-23","TECH PUBLIC","AM2390N-TP","C51886143","Exact from LCSC preferred. Substitute only if: SOT-23, VDS >= 100 V, ID >= 1 A, RDS(on) specified at VGS 4.5 V","Q1,Q2","2","10","12","SOT-23-3_L2.9-W1.3-P1.90-LS2.4-BR"
"LCSC direct (lcsc.com, ships to India) - China-brand part","MCU Artery AT32F403ACGT7, LQFP-48","ARTERY","AT32F403ACGT7","C55058656","Exact part (LCSC or Artery's India distributor)","U2","1","5","6","LQFP-48_L7.0-W7.0-P0.50-LS9.0-BL_1"
"LCSC direct (lcsc.com, ships to India) - China-brand part","IMU QST QMI8658B, LGA-14","QST","QMI8658B","C5380158","Exact part (LCSC)","U3","1","5","6","LGA-14_L3.0-W2.5-P0.50-TL"
"LCSC direct (lcsc.com, ships to India) - China-brand part","CAN transceiver SIT1051AT/3, SOP-8, 3.3 V I/O","SIT","SIT1051AT/3","C5382551","NXP TJA1051T/3 (pin-compatible, Mouser/DigiKey) is the substitute","U4","1","5","6","SOP-8_L4.9-W3.9-P1.27-LS6.0-BL"
"LCSC direct (lcsc.com, ships to India) - China-brand part","Buck converter EG Micro EG11752, SOIC-8 with exposed pad, 100 V","EG Micro","EG11752","C53368402","Exact part, LCSC only - no substitute","U5","1","5","6","SOIC-8_L4.9-W3.9-P1.27-LS6.0-BL-EP3.3-1"
"LCSC direct (lcsc.com, ships to India) - China-brand part","LDO 3.3 V 500 mA ME6211C33M5G, SOT-23-5","MICRONE","ME6211C33M5G-N","C82942","Diodes AP2112K-3.3 (same SOT-23-5 pinout VIN-GND-EN-NC-VOUT) is the substitute","U9","1","5","6","SOT-23-5_L3.0-W1.7-P0.95-LS2.8-BL"
"LCSC direct (lcsc.com, ships to India) - China-brand part","Nano-SIM card holder, push-push, 7 pins, 1.37 mm height, SMD","JXTCONN","NANO SIM 7P 1.37H PUSH","C53207808","Exact from LCSC, or another nano-SIM push-push holder ONLY if its footprint matches the drawing","X1","1","5","6","SIM-SMD_YKSIM-PUSH137-140NANO"
"Quectel India distributor (or Mouser India)","LTE Cat 1 + GNSS module Quectel EC200U-CN (EC200UCNAA-N05-SGNSA), LCC-144","Quectel","EC200UCNAA-N05-SGNSA","C2916205","Exact part. Buy from a Quectel India distributor or Mouser India","U1","1","5","6","LCC-LGA-144_L31.0-W28.0-P1.30_L610-CN-02"
